{"cameraMode":{"drawMode":0,"name":"Shaded","section":"Shading Mode"},"sceneLighting":false,"audioPlay":false,"sceneViewState":{"showFog":false,"showMaterialUpdate":false,"showSkybox":false,"showFlares":true,"showImageEffects":true,"showParticleSystems":true},"in2DMode":false,"pivot":{"x":1.623291015625,"y":6.376953125,"z":10.97265625},"rotation":{"x":-0.0008876501233316958,"y":0.9988687634468079,"z":-0.04287610575556755,"w":-0.020683061331510545},"size":9.070029258728028,"orthographic":true}