{"cameraMode":{"drawMode":0,"name":"Shaded","section":"Shading Mode"},"sceneLighting":true,"audioPlay":false,"sceneViewState":{"showFog":false,"showMaterialUpdate":false,"showSkybox":true,"showFlares":true,"showImageEffects":true,"showParticleSystems":true},"in2DMode":false,"pivot":{"x":0.6112804412841797,"y":0.08722114562988281,"z":-1.483891487121582},"rotation":{"x":-0.22307920455932618,"y":0.5231704115867615,"z":-0.1441217064857483,"w":-0.8097925186157227},"size":17.677318572998048,"orthographic":false}