{"cameraMode":{"drawMode":0,"name":"Shaded","section":"Shading Mode"},"sceneLighting":false,"audioPlay":false,"sceneViewState":{"showFog":false,"showMaterialUpdate":false,"showSkybox":false,"showFlares":true,"showImageEffects":true,"showParticleSystems":true},"in2DMode":false,"pivot":{"x":-2.1546125411987306,"y":5.911654949188232,"z":1.4651281833648682},"rotation":{"x":0.1695522964000702,"y":0.7139674425125122,"z":-0.18520504236221314,"w":0.653621256351471},"size":5.401523113250732,"orthographic":false}