{"cameraMode":{"drawMode":0,"name":"Shaded","section":"Shading Mode"},"sceneLighting":false,"audioPlay":false,"sceneViewState":{"showFog":false,"showMaterialUpdate":false,"showSkybox":false,"showFlares":true,"showImageEffects":true,"showParticleSystems":true},"in2DMode":false,"pivot":{"x":2.708139419555664,"y":3.7651658058166506,"z":2.443978786468506},"rotation":{"x":-0.21755151450634004,"y":0.40571102499961855,"z":-0.10006289184093476,"w":-0.8820775151252747},"size":9.541508674621582,"orthographic":false}