{"cameraMode":{"drawMode":0,"name":"Shaded","section":"Shading Mode"},"sceneLighting":true,"audioPlay":false,"sceneViewState":{"showFog":false,"showMaterialUpdate":false,"showSkybox":true,"showFlares":true,"showImageEffects":true,"showParticleSystems":true},"in2DMode":false,"pivot":{"x":3.238938331604004,"y":-2.644298553466797,"z":-2.6607980728149416},"rotation":{"x":-0.4074151813983917,"y":0.32977986335754397,"z":-0.16065141558647157,"w":-0.836335301399231},"size":17.677318572998048,"orthographic":false}